id,name,slug,icon,tool_count
cat-ai-code-assistant,AI Code Assistant,ai-code-assistant,,1109
cat-ai-agent,AI Agent,ai-agent,,281
cat-ai-tool,AI Tool,ai-tool,,275
cat-ai-open-source,AI Open Source,ai-open-source,,208
cat-ai-art-generator,AI Art Generator,ai-art-generator,,183
cat-ai-chatbot,AI Chatbot,ai-chatbot,,163
cat-ai-writing,AI Writing,ai-writing,,138
cat-ai-image-generator,AI Image Generator,ai-image-generator,,125
cat-ai-llm,AI LLM,ai-llm,,104
cat-ai-video-generator,AI Video Generator,ai-video-generator,,85
cat-ai-voice-generator,AI Voice Generator,ai-voice-generator,,80
cat-ai-newsletter-generator,AI Newsletter Generator,ai-newsletter-generator,,66
cat-ai-assistant,AI Assistant,ai-assistant,,62
cat-ai-data-analysis,AI Data Analysis,ai-data-analysis,,60
cat-ai-forms,AI Forms,ai-forms,,47
cat-ai-meeting-assistant,AI Meeting Assistant,ai-meeting-assistant,,46
cat-ai-model,AI Model,ai-model,,46
cat-ai-search-engine,AI Search Engine,ai-search-engine,,45
cat-ai-browsers,AI Browsers,ai-browsers,,45
cat-ai-trip-planner,AI Trip Planner,ai-trip-planner,,45
cat-ai-code-review,AI Code Review,ai-code-review,,44
cat-ai-character,AI Character,ai-character,,43
cat-ai-presentation-generator,AI Presentation Generator,ai-presentation-generator,,43
cat-ai-email-assistant,AI Email Assistant,ai-email-assistant,,43
cat-ai-marketing,AI Marketing,ai-marketing,,43
cat-ai-notes-generator,AI Notes Generator,ai-notes-generator,,42
cat-long-video-to-short-video-ai,Long Video To Short Video AI,long-video-to-short-video-ai,,42
cat-ai-tiktok,AI Tiktok,ai-tiktok,,42
cat-ai-sales,AI Sales,ai-sales,,42
cat-ai-dating-assistant,AI Dating Assistant,ai-dating-assistant,,41
cat-ai-productivity-tools,AI Productivity Tools,ai-productivity-tools,,41
cat-ai-resume-builder,AI Resume Builder,ai-resume-builder,,41
cat-ai-document-extraction,AI Document Extraction,ai-document-extraction,,41
cat-ai-clothing-generator,AI Clothing Generator,ai-clothing-generator,,41
cat-ai-app-builder,AI App Builder,ai-app-builder,,41
cat-ai-web-scraping,AI Web Scraping,ai-web-scraping,,40
cat-ai-landing-page-builder,AI Landing Page Builder,ai-landing-page-builder,,40
cat-ai-music-generator,AI Music Generator,ai-music-generator,,40
cat-other,Other,other,,40
cat-ai-calendar,AI Calendar,ai-calendar,,39
cat-ai-course,AI Course,ai-course,,39
cat-ai-for-finance,AI For Finance,ai-for-finance,,39
cat-ai-copilot,AI Copilot,ai-copilot,,38
cat-ai-resume-checker,AI Resume Checker,ai-resume-checker,,38
cat-ai-photography,AI Photography,ai-photography,,38
cat-ai-developer-tools,AI Developer Tools,ai-developer-tools,,38
cat-ai-testing,AI Testing,ai-testing,,38
cat-ai-sports,AI Sports,ai-sports,,38
cat-ai-shopping-assistant,AI Shopping Assistant,ai-shopping-assistant,,38
cat-ai-recipe,AI Recipe,ai-recipe,,38
cat-ai-search,AI Search,ai-search,,38
cat-ai-pdf-summarizer,AI PDF Summarizer,ai-pdf-summarizer,,37
cat-ai-documents-generator,AI Documents Generator,ai-documents-generator,,37
cat-ai-3d-model-generator,AI 3D Model Generator,ai-3d-model-generator,,37
cat-ai-video-summarizer,AI Video Summarizer,ai-video-summarizer,,37
cat-ai-grammar-checker,AI Grammar Checker,ai-grammar-checker,,37
cat-ai-therapist,AI Therapist,ai-therapist,,37
cat-ai-girlfriend,AI Girlfriend,ai-girlfriend,,36
cat-ai-jobs,AI Jobs,ai-jobs,,36
cat-ai-diagram-generator,AI Diagram Generator,ai-diagram-generator,,36
cat-ai-tattoo-generator,AI Tattoo Generator,ai-tattoo-generator,,36
cat-ai-job-description-generator,AI Job Description Generator,ai-job-description-generator,,36
cat-ai-voice-assistants,AI Voice Assistants,ai-voice-assistants,,36
cat-ai-machine-learning,AI Machine Learning,ai-machine-learning,,36
cat-ai-charting,AI Charting,ai-charting,,35
cat-ai-avatar-video-generator,AI Avatar Video Generator,ai-avatar-video-generator,,35
cat-ai-prompt-generator,AI Prompt Generator,ai-prompt-generator,,35
cat-ai-reader,AI Reader,ai-reader,,35
cat-ai-real-estate,AI Real Estate,ai-real-estate,,35
cat-ai-files,AI Files,ai-files,,34
cat-ai-name-generator,AI Name Generator,ai-name-generator,,34
cat-ai-language-learning,AI Language Learning,ai-language-learning,,34
cat-ai-fitness,AI Fitness,ai-fitness,,34
cat-ai-product-photography,AI Product Photography,ai-product-photography,,33
cat-ai-paraphraser,AI Paraphraser,ai-paraphraser,,33
cat-ai-homework-helper,AI Homework Helper,ai-homework-helper,,33
cat-ai-coaching,AI Coaching,ai-coaching,,33
cat-ai-article-summarizer,AI Article Summarizer,ai-article-summarizer,,33
cat-ai-podcast,AI Podcast,ai-podcast,,33
cat-ai-product-manager,AI Product Manager,ai-product-manager,,33
cat-ai-drawing,AI Drawing,ai-drawing,,32
cat-ai-cover-generator,AI Cover Generator,ai-cover-generator,,32
cat-ai-website-builder,AI Website Builder,ai-website-builder,,32
cat-ai-voice-translator,AI Voice Translator,ai-voice-translator,,32
cat-ai-email-marketing,AI Email Marketing,ai-email-marketing,,32
cat-ai-legal-assistant,AI Legal Assistant,ai-legal-assistant,,32
cat-ai-pdf,AI PDF,ai-pdf,,31
cat-ai-graphic-design,AI Graphic Design,ai-graphic-design,,31
cat-ai-design-generator,AI Design Generator,ai-design-generator,,31
cat-storyboard-ai,Storyboard AI,storyboard-ai,,31
cat-fashion-ai,Fashion AI,fashion-ai,,31
cat-ai-qr-code-generator,AI QR Code Generator,ai-qr-code-generator,,31
cat-sql-query-builder,SQL Query Builder,sql-query-builder,,31
cat-ai-caption-generator,AI Caption Generator,ai-caption-generator,,31
cat-ai-product-description-generator,AI Product Description Generator,ai-product-description-generator,,31
cat-ai-knowledge-management,AI Knowledge Management,ai-knowledge-management,,31
cat-ai-response-generator,AI Response Generator,ai-response-generator,,31
cat-ai-investing,AI Investing,ai-investing,,31
cat-ai-face-swap-generator,AI Face Swap Generator,ai-face-swap-generator,,30
cat-ai-github,AI Github,ai-github,,30
cat-resume-ai,Resume AI,resume-ai,,30
cat-ai-answer,AI Answer,ai-answer,,30
cat-ai-quizzes,AI Quizzes,ai-quizzes,,30
cat-ai-digital-marketing,AI Digital Marketing,ai-digital-marketing,,30
cat-ai-roleplay,AI Roleplay,ai-roleplay,,29
cat-ai-thumbnail-maker,AI Thumbnail Maker,ai-thumbnail-maker,,29
cat-ai-story-generator,AI Story Generator,ai-story-generator,,29
cat-ai-title-generator,AI Title Generator,ai-title-generator,,29
cat-ai-review-generator,AI Review Generator,ai-review-generator,,29
cat-ai-math,AI Math,ai-math,,29
cat-ai-call-center,AI Call Center,ai-call-center,,29
cat-ai-monitor,AI Monitor,ai-monitor,,28
cat-ai-cartoon-generator,AI Cartoon Generator,ai-cartoon-generator,,28
cat-ai-hairstyle,AI Hairstyle,ai-hairstyle,,28
cat-ai-headshot-generator,AI Headshot Generator,ai-headshot-generator,,28
cat-ai-music-video-generator,AI Music Video Generator,ai-music-video-generator,,28
cat-ai-checker,AI Checker,ai-checker,,28
cat-ai-news,AI News,ai-news,,28
cat-ai-healthcare,AI Healthcare,ai-healthcare,,28
cat-ai-consulting,AI Consulting,ai-consulting,,28
cat-ai-scheduling,AI Scheduling,ai-scheduling,,27
cat-ai-emoji-generator,AI Emoji Generator,ai-emoji-generator,,27
cat-ai-watermark-remover,AI Watermark Remover,ai-watermark-remover,,27
cat-ai-video-editor,AI Video Editor,ai-video-editor,,27
cat-ai-repurpose,AI Repurpose,ai-repurpose,,27
cat-ai-text-generator,AI Text Generator,ai-text-generator,,27
cat-ai-knowledge-base,AI Knowledge Base,ai-knowledge-base,,27
cat-ai-crm,AI CRM,ai-crm,,27
cat-ai-content-detector,AI Content Detector,ai-content-detector,,27
cat-ai-affiliate-marketing,AI Affiliate Marketing,ai-affiliate-marketing,,27
cat-ai-reply,AI Reply,ai-reply,,27
cat-ai-essay-writer,AI Essay Writer,ai-essay-writer,,26
cat-ai-email-writer,AI Email Writer,ai-email-writer,,26
cat-ai-detector,AI Detector,ai-detector,,26
cat-ai-website-designer,AI Website Designer,ai-website-designer,,26
cat-ai-instagram,AI Instagram,ai-instagram,,26
cat-ai-accounting,AI Accounting,ai-accounting,,26
cat-ai-contract-review,AI Contract Review,ai-contract-review,,26
cat-ai-design-assistant,AI Design Assistant,ai-design-assistant,,25
cat-ai-coloring-book-generator,AI Coloring Book Generator,ai-coloring-book-generator,,25
cat-ai-image-upscaler,AI Image Upscaler,ai-image-upscaler,,25
cat-ai-video-search,AI Video Search,ai-video-search,,25
cat-ai-copywriting,AI Copywriting,ai-copywriting,,25
cat-ai-cover-letter-generator,AI Cover Letter Generator,ai-cover-letter-generator,,25
cat-ai-flashcard-maker,AI Flashcard Maker,ai-flashcard-maker,,25
cat-ai-spreadsheet,AI Spreadsheet,ai-spreadsheet,,24
cat-ai-ugc-video-generator,AI UGC Video Generator,ai-ugc-video-generator,,24
cat-ai-text-classifier,AI Text Classifier,ai-text-classifier,,24
cat-ai-mind-mapping,AI Mind Mapping,ai-mind-mapping,,24
cat-ai-book-summarizer,AI Book Summarizer,ai-book-summarizer,,24
cat-ai-lesson-plan-generator,AI Lesson Plan Generator,ai-lesson-plan-generator,,24
cat-ai-project-management,AI Project Management,ai-project-management,,24
cat-ai-tweet-generator,AI Tweet Generator,ai-tweet-generator,,24
cat-ai-tools-directory,AI Tools Directory,ai-tools-directory,,24
cat-ai-beauty,AI Beauty,ai-beauty,,23
cat-ai-lip-sync-generator,AI Lip Sync Generator,ai-lip-sync-generator,,23
cat-ai-transcriber,AI Transcriber,ai-transcriber,,23
cat-ai-customer-service,AI Customer Service,ai-customer-service,,23
cat-ai-reviews,AI Reviews,ai-reviews,,23
cat-ai-trading-bot,AI Trading Bot,ai-trading-bot,,23
cat-ai-games,AI Games,ai-games,,23
cat-ai-logo-generator,AI Logo Generator,ai-logo-generator,,22
cat-ai-realistic-image-generator,AI Realistic Image Generator,ai-realistic-image-generator,,22
cat-ai-code-generator,AI Code Generator,ai-code-generator,,22
cat-ai-animated-video,AI Animated Video,ai-animated-video,,22
cat-image-to-video,Image to Video,image-to-video,,22
cat-ai-short-video-generator,AI Short Video Generator,ai-short-video-generator,,22
cat-ai-movie-generator,AI Movie Generator,ai-movie-generator,,22
cat-ai-subtitle-generator,AI Subtitle Generator,ai-subtitle-generator,,22
cat-ai-chat-generator,AI Chat Generator,ai-chat-generator,,22
cat-ai-blog-generator,AI Blog Generator,ai-blog-generator,,22
cat-ai-outline-generator,AI Outline Generator,ai-outline-generator,,22
cat-ai-translate,AI Translate,ai-translate,,22
cat-ai-teachers,AI Teachers,ai-teachers,,22
cat-ai-advertising,AI Advertising,ai-advertising,,22
cat-ai-social-media,AI Social Media,ai-social-media,,22
cat-ai-influencer,AI Influencer,ai-influencer,,22
cat-ai-mental-health,AI Mental Health,ai-mental-health,,22
cat-ai-interior-design,AI Interior Design,ai-interior-design,,22
cat-web3,Web3,web3,,22
cat-open-source-ai-models,Open Source AI Models,open-source-ai-models,,22
cat-ai-game-generator,AI Game Generator,ai-game-generator,,22
cat-ai-joke,AI Joke,ai-joke,,21
cat-ai-note-taker,AI Note Taker,ai-note-taker,,21
cat-ai-video-recording,AI Video Recording,ai-video-recording,,21
cat-ai-ebook-generator,AI Ebook Generator,ai-ebook-generator,,21
cat-ai-image-translator,AI Image Translator,ai-image-translator,,21
cat-ai-recruiting,AI Recruiting,ai-recruiting,,21
cat-ai-predictions,AI Predictions,ai-predictions,,21
cat-ai-portrait-generator,AI Portrait Generator,ai-portrait-generator,,21
cat-ai-ocr,AI OCR,ai-ocr,,21
cat-ai-ppt-maker,AI PPT Maker,ai-ppt-maker,,20
cat-ai-schedule-maker,AI Schedule Maker,ai-schedule-maker,,20
cat-whiteboard-ai,Whiteboard AI,whiteboard-ai,,20
cat-ai-excel-formula-generator,AI Excel Formula Generator,ai-excel-formula-generator,,20
cat-ai-mockup-generator,AI Mockup Generator,ai-mockup-generator,,20
cat-no-code-low-code,No-Code&Low-Code,no-code-low-code,,20
cat-ai-commercial-generator,AI Commercial Generator,ai-commercial-generator,,20
cat-ai-ad-generator,AI Ad Generator,ai-ad-generator,,20
cat-ai-religion,AI Religion,ai-religion,,20
cat-ai-infographic-generator,AI Infographic Generator,ai-infographic-generator,,19
cat-ai-ux-design,AI UX Design,ai-ux-design,,19
cat-object-remover-ai,Object Remover AI,object-remover-ai,,19
cat-ai-message-generator,AI Message Generator,ai-message-generator,,19
cat-ai-image-description-generator,AI Image Description Generator,ai-image-description-generator,,19
cat-ai-text-message-generator,AI Text Message Generator,ai-text-message-generator,,19
cat-ai-letter-writer,AI Letter Writer,ai-letter-writer,,19
cat-ai-creative-writing,AI Creative Writing,ai-creative-writing,,19
cat-ai-video-translator,AI Video Translator,ai-video-translator,,19
cat-ai-research-tool,AI Research Tool,ai-research-tool,,19
cat-seo-writing-ai,SEO Writing AI,seo-writing-ai,,19
cat-ai-banner-generator,AI Banner Generator,ai-banner-generator,,18
cat-ai-photo-enhancer,AI Photo Enhancer,ai-photo-enhancer,,18
cat-ai-person-generator,AI Person Generator,ai-person-generator,,18
cat-ai-rewriter,AI Rewriter,ai-rewriter,,18
cat-ai-script-writing,AI Script Writing,ai-script-writing,,18
cat-ai-quotes-generator,AI Quotes Generator,ai-quotes-generator,,18
cat-ai-quiz-generator,AI Quiz Generator,ai-quiz-generator,,18
cat-ai-knowledge-graph,AI Knowledge Graph,ai-knowledge-graph,,18
cat-ai-recording,AI Recording,ai-recording,,18
cat-ai-youtube,AI YouTube,ai-youtube,,18
cat-ai-youtube-summary,AI Youtube Summary,ai-youtube-summary,,18
cat-ai-models,AI Models,ai-models,,18
cat-ai-report-generator,AI Report Generator,ai-report-generator,,17
cat-ai-illustration-generator,AI Illustration Generator,ai-illustration-generator,,17
cat-ai-background-remover,AI Background Remover,ai-background-remover,,17
cat-ai-avatar-generator,AI Avatar Generator,ai-avatar-generator,,17
cat-ai-description-generator,AI Description Generator,ai-description-generator,,17
cat-ai-tutorial,AI Tutorial,ai-tutorial,,17
cat-ai-voice-changer,AI Voice Changer,ai-voice-changer,,17
cat-ai-workflow,AI Workflow,ai-workflow,,17
cat-ai-seo-tools,AI SEO Tools,ai-seo-tools,,17
cat-ai-ad-creative,AI Ad Creative,ai-ad-creative,,17
cat-ai-pitch-deck-generator,AI Pitch Deck Generator,ai-pitch-deck-generator,,17
cat-ai-face-recognition,AI Face Recognition,ai-face-recognition,,17
cat-ai-business-ideas-generator,AI Business Ideas Generator,ai-business-ideas-generator,,17
cat-ai-design,AI Design,ai-design,,17
cat-ai-anime-generator,AI Anime Generator,ai-anime-generator,,16
cat-ai-photo-editor,AI Photo Editor,ai-photo-editor,,16
cat-ai-photo-restoration,AI Photo Restoration,ai-photo-restoration,,16
cat-ai-dialogue-generator,AI Dialogue Generator,ai-dialogue-generator,,16
cat-ai-question-generator,AI Question Generator,ai-question-generator,,16
cat-ai-speech-recognition,AI Speech Recognition,ai-speech-recognition,,16
cat-ai-vocal-remover,AI Vocal Remover,ai-vocal-remover,,16
cat-ai-for-data-analytics,AI For Data Analytics,ai-for-data-analytics,,16
cat-ai-email-generator,AI Email Generator,ai-email-generator,,16
cat-ai-stock-trading,AI Stock Trading,ai-stock-trading,,16
cat-ai-image-recognition,AI Image Recognition,ai-image-recognition,,16
cat-ai-scanner,AI Scanner,ai-scanner,,15
cat-ai-task-management,AI Task Management,ai-task-management,,15
cat-ai-comic-generator,AI Comic Generator,ai-comic-generator,,15
cat-ai-profile-picture-generator,AI Profile Picture Generator,ai-profile-picture-generator,,15
cat-ai-style-transfer,AI Style Transfer,ai-style-transfer,,15
cat-ai-api,AI API,ai-api,,15
cat-ai-face-swap-video,AI Face Swap Video,ai-face-swap-video,,15
cat-ai-summarizer,AI Summarizer,ai-summarizer,,15
cat-ai-voice-over,AI Voice Over,ai-voice-over,,15
cat-ai-speech-synthesis,AI Speech Synthesis,ai-speech-synthesis,,15
cat-humanizer-ai,Humanizer AI,humanizer-ai,,15
cat-ai-image-detector,AI Image Detector,ai-image-detector,,15
cat-ai-parenting,AI Parenting,ai-parenting,,15
cat-ai-crypto,AI Crypto,ai-crypto,,15
cat-image-to-3d-model,Image to 3D Model,image-to-3d-model,,14
cat-ai-icon-generator,AI Icon Generator,ai-icon-generator,,14
cat-ai-sticker-generator,AI Sticker Generator,ai-sticker-generator,,14
cat-ai-clothing-removal,AI Clothing Removal,ai-clothing-removal,,14
cat-ai-background-generator,AI Background Generator,ai-background-generator,,14
cat-ai-wallpaper-generator,AI Wallpaper Generator,ai-wallpaper-generator,,14
cat-ai-animation-generator,AI Animation Generator,ai-animation-generator,,14
cat-ai-transcription,AI Transcription,ai-transcription,,14
cat-ai-interview-assistant,AI Interview Assistant,ai-interview-assistant,,14
cat-ai-cooking-assistant,AI Cooking Assistant,ai-cooking-assistant,,14
cat-ai-gift-ideas,AI Gift Ideas,ai-gift-ideas,,14
cat-ai-room-planner,AI Room Planner,ai-room-planner,,14
cat-ai-rag,AI RAG,ai-rag,,14
cat-ai-life,AI Life,ai-life,,13
cat-image-to-image,Image to Image,image-to-image,,13
cat-ai-short-story-generator,AI Short Story Generator,ai-short-story-generator,,13
cat-ai-spell-check,AI Spell Check,ai-spell-check,,13
cat-ai-bypasser,AI Bypasser,ai-bypasser,,13
cat-ai-shopify-store-builder,AI Shopify Store Builder,ai-shopify-store-builder,,13
cat-ai-bio-generator,AI Bio Generator,ai-bio-generator,,13
cat-ai-landscape-generator,AI Landscape Generator,ai-landscape-generator,,13
cat-ai-color-palette-generator,AI Color Palette Generator,ai-color-palette-generator,,12
cat-text-to-3d,Text to 3D,text-to-3d,,12
cat-ai-eraser,AI Eraser,ai-eraser,,12
cat-ai-image-combiner,AI Image Combiner,ai-image-combiner,,12
cat-ai-video-enhancer,AI Video Enhancer,ai-video-enhancer,,12
cat-script-to-video-ai-generator,Script To Video AI Generator,script-to-video-ai-generator,,12
cat-prompt-engineering,Prompt Engineering,prompt-engineering,,12
cat-ai-speech-to-text,AI Speech-to-Text,ai-speech-to-text,,12
cat-audio-to-text-ai,Audio To Text AI,audio-to-text-ai,,12
cat-ai-data-mining,AI Data Mining,ai-data-mining,,12
cat-ai-lead-generation,AI Lead Generation,ai-lead-generation,,12
cat-bio-link,Bio Link,bio-link,,12
cat-ai-medical-diagnosis,AI Medical Diagnosis,ai-medical-diagnosis,,12
cat-ai-floor-plan-generator,AI Floor Plan Generator,ai-floor-plan-generator,,12
cat-ai-sop,AI SOP,ai-sop,,11
cat-ai-anime-art,AI Anime Art,ai-anime-art,,11
cat-log-management,Log Management,log-management,,11
cat-ai-reel-generator,AI Reel Generator,ai-reel-generator,,11
cat-ai-report-writing,AI Report Writing,ai-report-writing,,11
cat-ai-roadmap,AI Roadmap,ai-roadmap,,11
cat-ai-sound-effect-generator,AI Sound Effect Generator,ai-sound-effect-generator,,11
cat-ai-research-papers,AI Research Papers,ai-research-papers,,11
cat-ai-meme-generator,AI Meme Generator,ai-meme-generator,,11
cat-ai-dream-interpreter,AI Dream Interpreter,ai-dream-interpreter,,11
cat-ai-manga-generator,AI Manga Generator,ai-manga-generator,,10
cat-ai-image-enhancer,AI Image Enhancer,ai-image-enhancer,,10
cat-text-to-image,Text to Image,text-to-image,,10
cat-ai-map-generator,AI Map Generator,ai-map-generator,,10
cat-ai-youtube-video-maker,AI Youtube Video Maker,ai-youtube-video-maker,,10
cat-ai-paragraph-generator,AI Paragraph Generator,ai-paragraph-generator,,10
cat-ai-voice-cloning,AI Voice Cloning,ai-voice-cloning,,10
cat-ai-dubbing,AI Dubbing,ai-dubbing,,10
cat-ai-celebrity-voice-generator,AI Celebrity Voice Generator,ai-celebrity-voice-generator,,10
cat-ai-erp,AI ERP,ai-erp,,10
cat-ai-audio-editing,AI Audio Editing,ai-audio-editing,,10
cat-google-ads-ai,Google Ads AI,google-ads-ai,,10
cat-ai-symptom-checker,AI Symptom Checker,ai-symptom-checker,,10
cat-ai-tax-assistant,AI Tax Assistant,ai-tax-assistant,,10
cat-ai-describe-image,AI Describe Image,ai-describe-image,,10
cat-ai-robot,AI Robot,ai-robot,,10
cat-ai-svg-generator,AI SVG Generator,ai-svg-generator,,9
cat-ai-pixel-art,AI Pixel Art,ai-pixel-art,,9
cat-ai-painting-generator,AI Painting Generator,ai-painting-generator,,9
cat-ai-unblur-image,AI Unblur Image,ai-unblur-image,,9
cat-ai-colorize,AI Colorize,ai-colorize,,9
cat-ai-inspirational-quotes,AI Inspirational Quotes,ai-inspirational-quotes,,9
cat-ai-song-generator,AI Song Generator,ai-song-generator,,9
cat-ai-plagiarism-checker,AI Plagiarism Checker,ai-plagiarism-checker,,9
cat-ai-cold-calling,AI Cold Calling,ai-cold-calling,,9
cat-ai-travel,AI Travel,ai-travel,,9
cat-ai-contract-generator,AI Contract Generator,ai-contract-generator,,9
cat-ai-audio-generator,AI Audio Generator,ai-audio-generator,,9
cat-ai-pdf-editor,AI PDF Editor,ai-pdf-editor,,8
cat-ai-business-card-generator,AI Business Card Generator,ai-business-card-generator,,8
cat-ai-poster-generator,AI Poster Generator,ai-poster-generator,,8
cat-ai-book-writing,AI Book Writing,ai-book-writing,,8
cat-ai-thesis-generator,AI Thesis Generator,ai-thesis-generator,,8
cat-ai-stems-splitter,AI Stems Splitter,ai-stems-splitter,,8
cat-ad-copy,Ad Copy,ad-copy,,8
cat-ai-twitter,AI Twitter,ai-twitter,,8
cat-youtube-tags-generator,Youtube Tags Generator,youtube-tags-generator,,8
cat-nfts,NFTs,nfts,,8
cat-ai-translation,AI Translation,ai-translation,,8
cat-ai-font-generator,AI Font Generator,ai-font-generator,,7
cat-ai-t-shirt-design,AI T Shirt Design,ai-t-shirt-design,,7
cat-ai-sketch-generator,AI Sketch Generator,ai-sketch-generator,,7
cat-ai-signature-generator,AI Signature Generator,ai-signature-generator,,7
cat-ai-passport-photo,AI Passport Photo,ai-passport-photo,,7
cat-ai-photo-filter,AI Photo Filter,ai-photo-filter,,7
cat-ai-crop-image,AI Crop Image,ai-crop-image,,7
cat-video-to-video,Video to Video,video-to-video,,7
cat-ai-gif-generator,AI GIF Generator,ai-gif-generator,,7
cat-ai-proofreading,AI Proofreading,ai-proofreading,,7
cat-ai-voice-enhancer,AI Voice Enhancer,ai-voice-enhancer,,7
cat-ai-lyrics-generator,AI Lyrics Generator,ai-lyrics-generator,,7
cat-ai-papers,AI Papers,ai-papers,,7
cat-image-to-prompt,Image to Prompt,image-to-prompt,,7
cat-ai-expand-image,AI Expand Image,ai-expand-image,,6
cat-ai-inpainting,AI Inpainting,ai-inpainting,,6
cat-ai-novel,AI Novel,ai-novel,,6
cat-ai-poem-generator,AI Poem Generator,ai-poem-generator,,6
cat-ai-text-to-speech,AI Text-to-Speech,ai-text-to-speech,,6
cat-ai-song-cover,AI Song Cover,ai-song-cover,,6
cat-ai-singing-generator,AI Singing Generator,ai-singing-generator,,6
cat-ai-beat-generator,AI Beat Generator,ai-beat-generator,,6
cat-ai-hashtag,AI Hashtag,ai-hashtag,,6
cat-ai-baby-generator,AI Baby Generator,ai-baby-generator,,6
cat-ai-contract-management,AI Contract Management,ai-contract-management,,6
cat-ai-business-name-generator,AI Business Name Generator,ai-business-name-generator,,6
cat-ai-training,AI Training,ai-training,,6
cat-ai-disney-poster,AI Disney Poster,ai-disney-poster,,5
cat-ai-book-cover-generator,AI Book Cover Generator,ai-book-cover-generator,,5
cat-ai-cat,AI Cat,ai-cat,,5
cat-ai-bikini,AI Bikini,ai-bikini,,5
cat-ai-video-upscaler,AI Video Upscaler,ai-video-upscaler,,5
cat-ai-melody-generator,AI Melody Generator,ai-melody-generator,,5
cat-bypass-ai,Bypass AI,bypass-ai,,5
cat-ai-outfit-generator,AI Outfit Generator,ai-outfit-generator,,5
cat-ai-image-segmentation,AI Image Segmentation,ai-image-segmentation,,5
cat-ai-presentation,AI Presentation,ai-presentation,,5
cat-graph-ai,Graph AI,graph-ai,,4
cat-excel-ai,Excel AI,excel-ai,,4
cat-ai-word,AI WORD,ai-word,,4
cat-ai-vector-graphics,AI Vector Graphics,ai-vector-graphics,,4
cat-ai-pattern-generator,AI Pattern Generator,ai-pattern-generator,,4
cat-gender-swap-ai,Gender Swap AI,gender-swap-ai,,4
cat-ai-outpainting,AI Outpainting,ai-outpainting,,4
cat-ai-plot-generator,AI Plot Generator,ai-plot-generator,,4
cat-ai-text-to-music,AI Text-to-Music,ai-text-to-music,,4
cat-undetectable-ai,Undetectable AI,undetectable-ai,,4
cat-ai-selfie-generator,AI Selfie Generator,ai-selfie-generator,,4
cat-ai-face-analyzer,AI Face Analyzer,ai-face-analyzer,,4
cat-large-language-models-llms,Large Language Models (LLMs),large-language-models-llms,,4
cat-ai-anime-girlfriend,AI Anime Girlfriend,ai-anime-girlfriend,,3
cat-ai-album-cover-generator,AI Album Cover Generator,ai-album-cover-generator,,3
cat-ai-cartoon-video-generator,AI Cartoon Video Generator,ai-cartoon-video-generator,,3
cat-headlines-ai,Headlines AI,headlines-ai,,3
cat-ai-slogan-generator,AI Slogan Generator,ai-slogan-generator,,3
cat-ai-mastering,AI Mastering,ai-mastering,,3
cat-ai-splitter,AI Splitter,ai-splitter,,3
cat-ai-only-fans,AI Only Fans,ai-only-fans,,3
cat-blockchain,Blockchain,blockchain,,3
cat-ai-boyfriend,AI Boyfriend,ai-boyfriend,,2
cat-ai-brochure-maker,AI Brochure Maker,ai-brochure-maker,,2
cat-text-to-handwriting,Text to Handwriting,text-to-handwriting,,2
cat-ai-age-progression,AI Age Progression,ai-age-progression,,2
cat-ai-texture-generator,AI Texture Generator,ai-texture-generator,,2
cat-ai-image-sharpening,AI Image Sharpening,ai-image-sharpening,,2
cat-ai-vtuber,AI Vtuber,ai-vtuber,,2
cat-text-to-video,Text to Video,text-to-video,,2
cat-ai-stock-video-generator,AI Stock Video Generator,ai-stock-video-generator,,2
cat-ai-fanfic-generator,AI Fanfic Generator,ai-fanfic-generator,,2
cat-ai-sentence-generator,AI Sentence Generator,ai-sentence-generator,,2
cat-chord-ai,Chord AI,chord-ai,,2
cat-ai-audio-enhancer,AI Audio Enhancer,ai-audio-enhancer,,2
cat-ai-art-detector,AI Art Detector,ai-art-detector,,2
cat-ai-youtube-thumbnail-generator,AI Youtube Thumbnail Generator,ai-youtube-thumbnail-generator,,2
cat-ai-rizz-generator,AI Rizz Generator,ai-rizz-generator,,2
cat-ai-username-generator,AI Username Generator,ai-username-generator,,2
cat-ai-facebook,AI Facebook,ai-facebook,,2
cat-ai-bible,AI Bible,ai-bible,,2
cat-ai-kitchen-design,AI Kitchen Design,ai-kitchen-design,,2
cat-ai-domain-name-generator,AI Domain Name Generator,ai-domain-name-generator,,2
cat-minecraft-ai,Minecraft AI,minecraft-ai,,2
cat-ai-seo,AI SEO,ai-seo,,2
cat-ai-automation,AI Automation,ai-automation,,2
cat-ai-hair-color-changer,AI Hair Color Changer,ai-hair-color-changer,,1
cat-ai-yearbook,AI Yearbook,ai-yearbook,,1
cat-ai-audio-splitter,AI Audio Splitter,ai-audio-splitter,,1
cat-ai-noise-cancellation,AI Noise Cancellation,ai-noise-cancellation,,1
cat-ai-midi-generator,AI Midi Generator,ai-midi-generator,,1
cat-ai-pick-up-lines-generator,AI Pick-up Lines Generator,ai-pick-up-lines-generator,,1
cat-ai-image-scanning,AI Image Scanning,ai-image-scanning,,1
cat-ai-backyard-design,AI Backyard Design,ai-backyard-design,,1
cat-ai-company-name-generator,AI Company Name Generator,ai-company-name-generator,,1
