id,name,slug,official_url,logo_url,short_description,overview,features,category_ids,pricing_model,has_free_plan,platforms,languages,use_cases,pros,cons,similar_tool_ids,popularity_score,is_featured,is_trending,status,verification_notes,discovery_source
t-0830c46edcad,Claude,claude-6880,https://claude.ai,https://icon.horse/icon/claude.ai,Anthropic's AI assistant focused on helpfulness and advanced reasoning capabilities,Anthropic's AI assistant focused on helpfulness and advanced reasoning capabilities,[],"[""cat-ai-chatbot""]",Free,true,"[""Web""]","[""English""]",[],[],[],[],20,false,false,approved,URL verified working via HTTP check,catalog
t-cf583d233f1c,Cohere Coral,cohere-coral-7108,https://coral.cohere.com,https://icon.horse/icon/coral.cohere.com,Enterprise AI assistant with RAG capabilities and language model,Enterprise AI assistant with RAG capabilities and language model,[],"[""cat-ai-chatbot""]",Free,true,"[""Web""]","[""English""]",[],[],[],[],89,false,false,approved,URL verified working via HTTP check,catalog
t-f2f9ad7e903e,Amazon Q,amazon-q-9669,https://aws.amazon.com/q,https://icon.horse/icon/aws.amazon.com,AWS AI assistant for software development and cloud operations,AWS AI assistant for software development and cloud operations,[],"[""cat-ai-code-assistant""]",Free,true,"[""Web""]","[""English""]",[],[],[],[],19,false,false,approved,URL verified working via HTTP check,catalog
t-1a4d047375c3,Flux,flux-5114,https://blackforestlabs.ai,https://icon.horse/icon/blackforestlabs.ai,Open image model rivaling proprietary alternatives in quality,Open image model rivaling proprietary alternatives in quality,[],"[""cat-text-to-image""]",Free,true,"[""Web""]","[""English""]",[],[],[],[],60,false,false,approved,URL verified working via HTTP check,catalog
t-9dd9a7de5734,BlueWillow,bluewillow-4950,https://bluewillow.ai,https://icon.horse/icon/bluewillow.ai,Free AI image generator on Discord creating logos and art,Free AI image generator on Discord creating logos and art,[],"[""cat-text-to-image""]",Free,true,"[""Web""]","[""English""]",[],[],[],[],84,false,false,approved,URL verified working via HTTP check,catalog
t-b3aeb010f685,Veo 2,veo-2-2592,https://deepmind.google/technologies/veo,https://icon.horse/icon/deepmind.google,Google DeepMind's video generation model,Google DeepMind's video generation model,[],"[""cat-ai-video-generator""]",Free,true,"[""Web""]","[""English""]",[],[],[],[],64,false,false,approved,URL verified working via HTTP check,catalog
t-61d344bbea4b,Minimax Video,minimax-video-4180,https://minimax.io,https://icon.horse/icon/minimax.io,AI video generation with text-to-video capabilities,AI video generation with text-to-video capabilities,[],"[""cat-ai-video-generator""]",Free,true,"[""Web""]","[""English""]",[],[],[],[],89,false,false,approved,URL verified working via HTTP check,catalog
t-686db2fbcd9a,InVideo AI,invideo-ai-9216,https://invideo.io,https://icon.horse/icon/invideo.io,AI video generation from text prompts with stock footage,AI video generation from text prompts with stock footage,[],"[""cat-text-to-video""]",Free,true,"[""Web""]","[""English""]",[],[],[],[],36,false,false,approved,URL verified working via HTTP check,catalog
t-d7bdc4a96526,Mubert,mubert-1602,https://mubert.com,https://icon.horse/icon/mubert.com,AI-generated royalty-free music for videos and apps,AI-generated royalty-free music for videos and apps,[],"[""cat-ai-music-generator""]",Free,true,"[""Web""]","[""English""]",[],[],[],[],54,false,false,approved,URL verified working via HTTP check,catalog
t-1a6fd034fafd,Descript Overdub,descript-overdub-3085,https://descript.com/overdub,https://icon.horse/icon/descript.com,AI voice cloning creating speech in your voice,AI voice cloning creating speech in your voice,[],"[""cat-ai-voice-cloning""]",Free,true,"[""Web""]","[""English""]",[],[],[],[],58,false,false,approved,URL verified working via HTTP check,catalog
t-b7a2127b1801,Trint,trint-1904,https://trint.com,https://icon.horse/icon/trint.com,AI transcription turning audio and video into searchable text,AI transcription turning audio and video into searchable text,[],"[""cat-ai-transcription""]",Free,true,"[""Web""]","[""English""]",[],[],[],[],28,false,false,approved,URL verified working via HTTP check,catalog
t-5deddc4f4d64,Rev,rev-5763,https://rev.com,https://icon.horse/icon/rev.com,AI and human transcription for accurate speech-to-text,AI and human transcription for accurate speech-to-text,[],"[""cat-ai-transcription""]",Free,true,"[""Web""]","[""English""]",[],[],[],[],84,false,false,approved,URL verified working via HTTP check,catalog
t-29230135f27e,Framer AI,framer-ai-4993,https://framer.com,https://icon.horse/icon/framer.com,AI website builder creating responsive sites from descriptions,AI website builder creating responsive sites from descriptions,[],"[""cat-ai-website-builder""]",Free,true,"[""Web""]","[""English""]",[],[],[],[],14,false,false,approved,URL verified working via HTTP check,catalog
t-2fa250c4a0db,Wix AI,wix-ai-6778,https://wix.com,https://icon.horse/icon/wix.com,Website builder with AI design and optimization,Website builder with AI design and optimization,[],"[""cat-ai-website-builder""]",Free,true,"[""Web""]","[""English""]",[],[],[],[],21,false,false,approved,URL verified working via HTTP check,catalog
t-d607472086ee,MarketMuse,marketmuse-3282,https://marketmuse.com,https://icon.horse/icon/marketmuse.com,AI content strategy analyzing topics and content gaps,AI content strategy analyzing topics and content gaps,[],"[""cat-ai-seo""]",Free,true,"[""Web""]","[""English""]",[],[],[],[],44,false,false,approved,URL verified working via HTTP check,catalog
t-2643682b509e,Semrush Copilot,semrush-copilot-7431,https://semrush.com,https://icon.horse/icon/semrush.com,AI SEO and marketing with competitive analysis,AI SEO and marketing with competitive analysis,[],"[""cat-ai-seo""]",Free,true,"[""Web""]","[""English""]",[],[],[],[],72,false,false,approved,URL verified working via HTTP check,catalog
t-c479271273c5,Ahrefs AI,ahrefs-ai-5684,https://ahrefs.com,https://icon.horse/icon/ahrefs.com,SEO tool with AI content analysis and link building,SEO tool with AI content analysis and link building,[],"[""cat-ai-seo""]",Free,true,"[""Web""]","[""English""]",[],[],[],[],49,false,false,approved,URL verified working via HTTP check,catalog
t-e98fe22e211c,Buffer AI,buffer-ai-6575,https://buffer.com,https://icon.horse/icon/buffer.com,AI social media assistant for scheduling and ideas,AI social media assistant for scheduling and ideas,[],"[""cat-ai-social-media""]",Free,true,"[""Web""]","[""English""]",[],[],[],[],27,false,false,approved,URL verified working via HTTP check,catalog
t-600d1a486e1c,Hootsuite OwlyWriter,hootsuite-owlywriter-8231,https://hootsuite.com,https://icon.horse/icon/hootsuite.com,AI caption generator in Hootsuite social platform,AI caption generator in Hootsuite social platform,[],"[""cat-ai-social-media""]",Free,true,"[""Web""]","[""English""]",[],[],[],[],37,false,false,approved,URL verified working via HTTP check,catalog
t-71a4c465fecd,Brandwatch,brandwatch-656,https://brandwatch.com,https://icon.horse/icon/brandwatch.com,AI social listening and analytics for brand monitoring,AI social listening and analytics for brand monitoring,[],"[""cat-ai-social-media""]",Free,true,"[""Web""]","[""English""]",[],[],[],[],60,false,false,approved,URL verified working via HTTP check,catalog
t-a4688591297d,Sprout Social,sprout-social-4493,https://sproutsocial.com,https://icon.horse/icon/sproutsocial.com,AI social media management with scheduling and analytics,AI social media management with scheduling and analytics,[],"[""cat-ai-social-media""]",Free,true,"[""Web""]","[""English""]",[],[],[],[],44,false,false,approved,URL verified working via HTTP check,catalog
t-9bc7d5a686bc,ThoughtSpot,thoughtspot-7590,https://thoughtspot.com,https://icon.horse/icon/thoughtspot.com,AI analytics enabling natural language data queries,AI analytics enabling natural language data queries,[],"[""cat-ai-data-analysis""]",Free,true,"[""Web""]","[""English""]",[],[],[],[],84,false,false,approved,URL verified working via HTTP check,catalog
t-db8eaeece979,SheetAI,sheetai-560,https://sheetai.app,https://icon.horse/icon/sheetai.app,AI Google Sheets add-on for formulas and automation,AI Google Sheets add-on for formulas and automation,[],"[""cat-excel-ai""]",Free,true,"[""Web""]","[""English""]",[],[],[],[],34,false,false,approved,URL verified working via HTTP check,catalog
t-76055c3b9665,Rows AI,rows-ai-538,https://rows.com,https://icon.horse/icon/rows.com,AI spreadsheet with data enrichment and analysis,AI spreadsheet with data enrichment and analysis,[],"[""cat-ai-spreadsheet""]",Free,true,"[""Web""]","[""English""]",[],[],[],[],52,false,false,approved,URL verified working via HTTP check,catalog
t-0080a9a5ca54,Duolingo Max,duolingo-max-4857,https://duolingo.com,https://icon.horse/icon/duolingo.com,AI language learning with explanations and roleplay,AI language learning with explanations and roleplay,[],"[""cat-ai-language-learning""]",Free,true,"[""Web""]","[""English""]",[],[],[],[],67,false,false,approved,URL verified working via HTTP check,catalog
t-6680e233ff10,Socratic,socratic-6874,https://socratic.org,https://icon.horse/icon/socratic.org,AI homework helper using visual analysis,AI homework helper using visual analysis,[],"[""cat-ai-homework-helper""]",Free,true,"[""Web""]","[""English""]",[],[],[],[],30,false,false,approved,URL verified working via HTTP check,catalog
t-c8aa4616a0b9,Photomath,photomath-6666,https://photomath.com,https://icon.horse/icon/photomath.com,AI math solver with step-by-step solutions,AI math solver with step-by-step solutions,[],"[""cat-ai-math""]",Free,true,"[""Web""]","[""English""]",[],[],[],[],59,false,false,approved,URL verified working via HTTP check,catalog
t-5d5d6731939b,Symbolab,symbolab-152,https://symbolab.com,https://icon.horse/icon/symbolab.com,AI math calculator solving equations step by step,AI math calculator solving equations step by step,[],"[""cat-ai-math""]",Free,true,"[""Web""]","[""English""]",[],[],[],[],81,false,false,approved,URL verified working via HTTP check,catalog
t-451ef9d3c241,Wolfram Alpha,wolfram-alpha-8629,https://wolframalpha.com,https://icon.horse/icon/wolframalpha.com,Computational knowledge engine for factual queries,Computational knowledge engine for factual queries,[],"[""cat-ai-math""]",Free,true,"[""Web""]","[""English""]",[],[],[],[],11,false,false,approved,URL verified working via HTTP check,catalog
t-c84ffe2ace30,Ada Health,ada-health-110,https://ada.com,https://icon.horse/icon/ada.com,AI symptom assessment and health information app,AI symptom assessment and health information app,[],"[""cat-ai-healthcare""]",Free,true,"[""Web""]","[""English""]",[],[],[],[],86,false,false,approved,URL verified working via HTTP check,catalog
t-1c1a26473555,Wysa,wysa-9348,https://wysa.com,https://icon.horse/icon/wysa.com,AI emotional wellness chatbot with CBT and meditation,AI emotional wellness chatbot with CBT and meditation,[],"[""cat-ai-mental-health""]",Free,true,"[""Web""]","[""English""]",[],[],[],[],25,false,false,approved,URL verified working via HTTP check,catalog
t-25cd1fde0d93,Headspace,headspace-918,https://headspace.com,https://icon.horse/icon/headspace.com,Meditation and mindfulness app with AI recommendations,Meditation and mindfulness app with AI recommendations,[],"[""cat-ai-meditation""]",Free,true,"[""Web""]","[""English""]",[],[],[],[],41,false,false,approved,URL verified working via HTTP check,catalog
t-bc2dcb62ba90,MyFitnessPal,myfitnesspal-8860,https://myfitnesspal.com,https://icon.horse/icon/myfitnesspal.com,AI nutrition tracker with calorie counting,AI nutrition tracker with calorie counting,[],"[""cat-ai-fitness""]",Free,true,"[""Web""]","[""English""]",[],[],[],[],28,false,false,approved,URL verified working via HTTP check,catalog
t-d016d1d38fb9,Noom,noom-6746,https://noom.com,https://icon.horse/icon/noom.com,AI weight loss program with personalized coaching,AI weight loss program with personalized coaching,[],"[""cat-ai-fitness""]",Free,true,"[""Web""]","[""English""]",[],[],[],[],33,false,false,approved,URL verified working via HTTP check,catalog
t-e7babc691b21,SkinVision,skinvision-51,https://skinvision.com,https://icon.horse/icon/skinvision.com,AI skin cancer detection analyzing moles,AI skin cancer detection analyzing moles,[],"[""cat-ai-healthcare""]",Free,true,"[""Web""]","[""English""]",[],[],[],[],67,false,false,approved,URL verified working via HTTP check,catalog
t-dc54c6d61edd,Microsoft Copilot,microsoft-copilot-7927,https://copilot.microsoft.com,https://icon.horse/icon/copilot.microsoft.com,Microsoft AI assistant in Office 365 and Windows,Microsoft AI assistant in Office 365 and Windows,[],"[""cat-ai-assistant""]",Free,true,"[""Web""]","[""English""]",[],[],[],[],17,false,false,approved,URL verified working via HTTP check,catalog
t-0c02b80b62ce,Google Gemini Workspace,google-gemini-workspace-163,https://workspace.google.com,https://icon.horse/icon/workspace.google.com,"Google AI assistant across Docs, Sheets, and Gmail","Google AI assistant across Docs, Sheets, and Gmail",[],"[""cat-ai-assistant""]",Free,true,"[""Web""]","[""English""]",[],[],[],[],51,false,false,approved,URL verified working via HTTP check,catalog
t-e5688218b57d,Asana Intelligence,asana-intelligence-7828,https://asana.com,https://icon.horse/icon/asana.com,AI project management with smart suggestions,AI project management with smart suggestions,[],"[""cat-ai-project-management""]",Free,true,"[""Web""]","[""English""]",[],[],[],[],57,false,false,approved,URL verified working via HTTP check,catalog
t-4751865b0f40,ClickUp Brain,clickup-brain-8232,https://clickup.com,https://icon.horse/icon/clickup.com,AI knowledge manager connecting docs and tasks,AI knowledge manager connecting docs and tasks,[],"[""cat-ai-task-management""]",Free,true,"[""Web""]","[""English""]",[],[],[],[],65,false,false,approved,URL verified working via HTTP check,catalog
t-9062d907dab9,Superhuman,superhuman-4728,https://superhuman.com,https://icon.horse/icon/superhuman.com,AI email client with instant replies and scheduling,AI email client with instant replies and scheduling,[],"[""cat-ai-email-assistant""]",Free,true,"[""Web""]","[""English""]",[],[],[],[],36,false,false,approved,URL verified working via HTTP check,catalog
t-6d17a464d118,SaneBox,sanebox-5592,https://sanebox.com,https://icon.horse/icon/sanebox.com,AI email prioritization filtering important messages,AI email prioritization filtering important messages,[],"[""cat-ai-email-assistant""]",Free,true,"[""Web""]","[""English""]",[],[],[],[],73,false,false,approved,URL verified working via HTTP check,catalog
t-7767067562a0,Drift,drift-5064,https://drift.com,https://icon.horse/icon/drift.com,AI conversational marketing with chat engagement,AI conversational marketing with chat engagement,[],"[""cat-ai-chatbot""]",Free,true,"[""Web""]","[""English""]",[],[],[],[],63,false,false,approved,URL verified working via HTTP check,catalog
t-890b04cbd1a0,Tegus,tegus-9555,https://tegu.com,https://icon.horse/icon/tegu.com,AI investment research providing expert insights,AI investment research providing expert insights,[],"[""cat-ai-for-finance""]",Free,true,"[""Web""]","[""English""]",[],[],[],[],46,false,false,approved,URL verified working via HTTP check,catalog
t-869472f3a4f7,StockNews AI,stocknews-ai-1861,https://stocknews.com,https://icon.horse/icon/stocknews.com,AI stock analysis aggregating news and ratings,AI stock analysis aggregating news and ratings,[],"[""cat-ai-stock-trading""]",Free,true,"[""Web""]","[""English""]",[],[],[],[],58,false,false,approved,URL verified working via HTTP check,catalog
t-d57865ca4906,Trade Ideas,trade-ideas-503,https://trade-ideas.com,https://icon.horse/icon/trade-ideas.com,AI stock scanner with pattern recognition,AI stock scanner with pattern recognition,[],"[""cat-ai-trading-bot""]",Free,true,"[""Web""]","[""English""]",[],[],[],[],28,false,false,approved,URL verified working via HTTP check,catalog
t-f250782917fb,Betterment,betterment-9706,https://betterment.com,https://icon.horse/icon/betterment.com,AI robo-advisor for automated portfolio management,AI robo-advisor for automated portfolio management,[],"[""cat-ai-investing""]",Free,true,"[""Web""]","[""English""]",[],[],[],[],75,false,false,approved,URL verified working via HTTP check,catalog
t-ff4f62d23c13,Wealthfront,wealthfront-7350,https://wealthfront.com,https://icon.horse/icon/wealthfront.com,AI investment with tax-loss harvesting,AI investment with tax-loss harvesting,[],"[""cat-ai-investing""]",Free,true,"[""Web""]","[""English""]",[],[],[],[],29,false,false,approved,URL verified working via HTTP check,catalog
t-c31943de5413,TurboTax AI,turbotax-ai-3069,https://turbotax.intuit.com,https://icon.horse/icon/turbotax.intuit.com,AI tax filing with deduction finding,AI tax filing with deduction finding,[],"[""cat-ai-tax-assistant""]",Free,true,"[""Web""]","[""English""]",[],[],[],[],27,false,false,approved,URL verified working via HTTP check,catalog
t-c0acce0b61cd,DocuSign AI,docusign-ai-2589,https://docusign.com,https://icon.horse/icon/docusign.com,AI agreement platform with contract analysis,AI agreement platform with contract analysis,[],"[""cat-ai-contract-management""]",Free,true,"[""Web""]","[""English""]",[],[],[],[],66,false,false,approved,URL verified working via HTTP check,catalog
t-99697b67cbab,Robinhood,robinhood-3536,https://robinhood.com,https://icon.horse/icon/robinhood.com,Commission-free trading with AI recommendations,Commission-free trading with AI recommendations,[],"[""cat-ai-investing""]",Free,true,"[""Web""]","[""English""]",[],[],[],[],78,false,false,approved,URL verified working via HTTP check,catalog
t-1de7df177552,Resume.io,resumeio-5668,https://resume.io,https://icon.horse/icon/resume.io,AI resume builder with ATS optimization,AI resume builder with ATS optimization,[],"[""cat-ai-resume-builder""]",Free,true,"[""Web""]","[""English""]",[],[],[],[],27,false,false,approved,URL verified working via HTTP check,catalog
t-5a9363ee10d8,LazyApply,lazyapply-1526,https://lazyapply.com,https://icon.horse/icon/lazyapply.com,AI autofill applying to multiple jobs,AI autofill applying to multiple jobs,[],"[""cat-ai-jobs""]",Free,true,"[""Web""]","[""English""]",[],[],[],[],79,false,false,approved,URL verified working via HTTP check,catalog
t-0e8e63e90b8b,Pymetrics,pymetrics-5191,https://pymetrics.com,https://icon.horse/icon/pymetrics.com,AI hiring using neuroscience for talent matching,AI hiring using neuroscience for talent matching,[],"[""cat-ai-recruiting""]",Free,true,"[""Web""]","[""English""]",[],[],[],[],70,false,false,approved,URL verified working via HTTP check,catalog
t-6c39c32160f2,Big Interview,big-interview-6816,https://biginterview.com,https://icon.horse/icon/biginterview.com,AI interview training with mock interviews,AI interview training with mock interviews,[],"[""cat-ai-interview-assistant""]",Free,true,"[""Web""]","[""English""]",[],[],[],[],31,false,false,approved,URL verified working via HTTP check,catalog
t-1d1e82c533b0,Google Translate,google-translate-992,https://translate.google.com,https://icon.horse/icon/translate.google.com,Free translation in 100+ languages,Free translation in 100+ languages,[],"[""cat-ai-translate""]",Free,true,"[""Web""]","[""English""]",[],[],[],[],28,false,false,approved,URL verified working via HTTP check,catalog
t-2e3305538c99,Smartcat,smartcat-2419,https://smartcat.com,https://icon.horse/icon/smartcat.com,AI translation platform for enterprise content,AI translation platform for enterprise content,[],"[""cat-ai-translation""]",Free,true,"[""Web""]","[""English""]",[],[],[],[],57,false,false,approved,URL verified working via HTTP check,catalog
t-a0255860d773,DoNotPay,donotpay-5452,https://donotpay.com,https://icon.horse/icon/donotpay.com,AI lawyer chatbot fighting tickets and more,AI lawyer chatbot fighting tickets and more,[],"[""cat-ai-legal-assistant""]",Free,true,"[""Web""]","[""English""]",[],[],[],[],73,false,false,approved,URL verified working via HTTP check,catalog
t-af7eb62f8a13,RoomGPT,roomgpt-6634,https://roomgpt.io,https://icon.horse/icon/roomgpt.io,AI room redesigner from photos,AI room redesigner from photos,[],"[""cat-ai-interior-design""]",Free,true,"[""Web""]","[""English""]",[],[],[],[],47,false,false,approved,URL verified working via HTTP check,catalog
t-a669f49bc3ea,Architectures,architectures-2804,https://architectures.com,https://icon.horse/icon/architectures.com,AI interior design generating room layouts,AI interior design generating room layouts,[],"[""cat-ai-interior-design""]",Free,true,"[""Web""]","[""English""]",[],[],[],[],43,false,false,approved,URL verified working via HTTP check,catalog
t-463d5edea679,Vue.ai,vueai-2208,https://vue.ai,https://icon.horse/icon/vue.ai,AI fashion technology for product tagging,AI fashion technology for product tagging,[],"[""cat-fashion-ai""]",Free,true,"[""Web""]","[""English""]",[],[],[],[],75,false,false,approved,URL verified working via HTTP check,catalog
t-9850c83933ea,Stitch Fix,stitch-fix-3079,https://stitchfix.com,https://icon.horse/icon/stitchfix.com,AI personal styling service,AI personal styling service,[],"[""cat-fashion-ai""]",Free,true,"[""Web""]","[""English""]",[],[],[],[],46,false,false,approved,URL verified working via HTTP check,catalog
t-a35289bd5932,Kayak AI,kayak-ai-6709,https://kayak.com,https://icon.horse/icon/kayak.com,AI travel search comparing flights and hotels,AI travel search comparing flights and hotels,[],"[""cat-ai-travel""]",Free,true,"[""Web""]","[""English""]",[],[],[],[],48,false,false,approved,URL verified working via HTTP check,catalog
t-39cef65a566e,Spotify AI DJ,spotify-ai-dj-8303,https://spotify.com,https://icon.horse/icon/spotify.com,AI DJ creating personalized music mixes,AI DJ creating personalized music mixes,[],"[""cat-ai-music-generator""]",Free,true,"[""Web""]","[""English""]",[],[],[],[],52,false,false,approved,URL verified working via HTTP check,catalog
t-9c3c21fbde07,Boomy,boomy-264,https://boomy.com,https://icon.horse/icon/boomy.com,AI music creation enabling anyone to create songs,AI music creation enabling anyone to create songs,[],"[""cat-ai-music-generator""]",Free,true,"[""Web""]","[""English""]",[],[],[],[],73,false,false,approved,URL verified working via HTTP check,catalog
t-44cdca8c1156,CrowdStrike,crowdstrike-2540,https://crowdstrike.com,https://icon.horse/icon/crowdstrike.com,AI cybersecurity detecting threats and breaches,AI cybersecurity detecting threats and breaches,[],"[""cat-ai-cybersecurity""]",Free,true,"[""Web""]","[""English""]",[],[],[],[],65,false,false,approved,URL verified working via HTTP check,catalog
t-213582d1bb78,Darktrace,darktrace-8400,https://darktrace.com,https://icon.horse/icon/darktrace.com,AI cyber defense responding to threats in real-time,AI cyber defense responding to threats in real-time,[],"[""cat-ai-cybersecurity""]",Free,true,"[""Web""]","[""English""]",[],[],[],[],38,false,false,approved,URL verified working via HTTP check,catalog
t-3852c824ce67,Snyk,snyk-563,https://snyk.io,https://icon.horse/icon/snyk.io,AI security finding vulnerabilities in dependencies,AI security finding vulnerabilities in dependencies,[],"[""cat-ai-cybersecurity""]",Free,true,"[""Web""]","[""English""]",[],[],[],[],10,false,false,approved,URL verified working via HTTP check,catalog
t-fadcf8abc421,UiPath,uipath-8907,https://uipath.com,https://icon.horse/icon/uipath.com,AI robotic process automation for enterprise,AI robotic process automation for enterprise,[],"[""cat-ai-automation""]",Free,true,"[""Web""]","[""English""]",[],[],[],[],90,false,false,approved,URL verified working via HTTP check,catalog
t-daed4a5de336,Chainalysis,chainalysis-8024,https://chainalysis.com,https://icon.horse/icon/chainalysis.com,AI blockchain analysis for crypto compliance,AI blockchain analysis for crypto compliance,[],"[""cat-ai-crypto""]",Free,true,"[""Web""]","[""English""]",[],[],[],[],64,false,false,approved,URL verified working via HTTP check,catalog
t-eb9f5aa27cdb,Nansen,nansen-9646,https://nansen.ai,https://icon.horse/icon/nansen.ai,AI blockchain analytics for crypto traders,AI blockchain analytics for crypto traders,[],"[""cat-ai-crypto""]",Free,true,"[""Web""]","[""English""]",[],[],[],[],69,false,false,approved,URL verified working via HTTP check,catalog
t-95e826400f7a,Inworld AI,inworld-ai-6257,https://inworld.ai,https://icon.horse/icon/inworld.ai,AI character engine for games and interactive media,AI character engine for games and interactive media,[],"[""cat-ai-games""]",Free,true,"[""Web""]","[""English""]",[],[],[],[],44,false,false,approved,URL verified working via HTTP check,catalog
t-cf7e4e527b13,Later AI,later-ai-8455,https://later.com,https://icon.horse/icon/later.com,AI social media scheduling and analytics,AI social media scheduling and analytics,[],"[""cat-ai-social-media""]",Free,true,"[""Web""]","[""English""]",[],[],[],[],38,false,false,approved,URL verified working via HTTP check,catalog
t-09f1486d4ff2,HubSpot AI,hubspot-ai-209,https://hubspot.com,https://icon.horse/icon/hubspot.com,AI CRM with email personalization,AI CRM with email personalization,[],"[""cat-ai-email-marketing""]",Free,true,"[""Web""]","[""English""]",[],[],[],[],72,false,false,approved,URL verified working via HTTP check,catalog
t-aaeec0145298,AdRoll,adroll-9984,https://adroll.com,https://icon.horse/icon/adroll.com,AI advertising retargeting and spend optimization,AI advertising retargeting and spend optimization,[],"[""cat-ai-advertising""]",Free,true,"[""Web""]","[""English""]",[],[],[],[],31,false,false,approved,URL verified working via HTTP check,catalog
t-cec173b21b3c,Smartly.io,smartlyio-7530,https://smartly.io,https://icon.horse/icon/smartly.io,AI ad creation and automation,AI ad creation and automation,[],"[""cat-ai-advertising""]",Free,true,"[""Web""]","[""English""]",[],[],[],[],77,false,false,approved,URL verified working via HTTP check,catalog
t-7794b7e18a85,Albert AI,albert-ai-9495,https://albert.ai,https://icon.horse/icon/albert.ai,AI advertising autonomously managing budgets,AI advertising autonomously managing budgets,[],"[""cat-ai-advertising""]",Free,true,"[""Web""]","[""English""]",[],[],[],[],28,false,false,approved,URL verified working via HTTP check,catalog
t-307eda19c3e4,SnackPrompt,snackprompt-963,https://snackprompt.com,https://icon.horse/icon/snackprompt.com,AI prompt library with rated prompts,AI prompt library with rated prompts,[],"[""cat-ai-prompt-generator""]",Free,true,"[""Web""]","[""English""]",[],[],[],[],19,false,false,approved,URL verified working via HTTP check,catalog
t-43f7cf557387,Whimsical AI,whimsical-ai-3716,https://whimsical.com,https://icon.horse/icon/whimsical.com,"AI mind mapping, wireframing, and diagramming","AI mind mapping, wireframing, and diagramming",[],"[""cat-ai-mind-mapping""]",Free,true,"[""Web""]","[""English""]",[],[],[],[],27,false,false,approved,URL verified working via HTTP check,catalog
t-c6201b8688f0,Mermaid,mermaid-3800,https://mermaid.js.org,https://icon.horse/icon/mermaid.js.org,AI diagramming from text code,AI diagramming from text code,[],"[""cat-ai-diagram-generator""]",Free,true,"[""Web""]","[""English""]",[],[],[],[],77,false,false,approved,URL verified working via HTTP check,catalog
t-393956268b9d,Excalidraw,excalidraw-3548,https://excalidraw.com,https://icon.horse/icon/excalidraw.com,Virtual whiteboard for hand-drawn diagrams,Virtual whiteboard for hand-drawn diagrams,[],"[""cat-ai-diagram-generator""]",Free,true,"[""Web""]","[""English""]",[],[],[],[],54,false,false,approved,URL verified working via HTTP check,catalog
t-1a10787b2797,Lucidchart,lucidchart-8981,https://lucidchart.com,https://icon.horse/icon/lucidchart.com,AI diagramming with intelligent templates,AI diagramming with intelligent templates,[],"[""cat-ai-diagram-generator""]",Free,true,"[""Web""]","[""English""]",[],[],[],[],29,false,false,approved,URL verified working via HTTP check,catalog
t-31eb7064687e,Calendly AI,calendly-ai-8392,https://calendly.com,https://icon.horse/icon/calendly.com,AI scheduling automation,AI scheduling automation,[],"[""cat-ai-scheduling""]",Free,true,"[""Web""]","[""English""]",[],[],[],[],57,false,false,approved,URL verified working via HTTP check,catalog
t-de2641abe02b,Honey,honey-2624,https://joinhoney.com,https://icon.horse/icon/joinhoney.com,AI browser extension finding coupon codes,AI browser extension finding coupon codes,[],"[""cat-ai-coupon""]",Free,true,"[""Web""]","[""English""]",[],[],[],[],75,false,false,approved,URL verified working via HTTP check,catalog
t-4cd40f470176,Rakuten,rakuten-433,https://rakuten.com,https://icon.horse/icon/rakuten.com,AI cashback and coupon platform,AI cashback and coupon platform,[],"[""cat-ai-coupon""]",Free,true,"[""Web""]","[""English""]",[],[],[],[],19,false,false,approved,URL verified working via HTTP check,catalog
t-4c1137a3e9c7,UserWay,userway-5917,https://userway.org,https://icon.horse/icon/userway.org,AI accessibility widget for websites,AI accessibility widget for websites,[],"[""cat-ai-accessibility""]",Free,true,"[""Web""]","[""English""]",[],[],[],[],42,false,false,approved,URL verified working via HTTP check,catalog
t-55f1643ccbdc,3Commas,3commas-4125,https://3commas.io,https://icon.horse/icon/3commas.io,AI crypto trading with automated bots,AI crypto trading with automated bots,[],"[""cat-ai-trading-bot""]",Free,true,"[""Web""]","[""English""]",[],[],[],[],51,false,false,approved,URL verified working via HTTP check,catalog
t-5a36df982a66,QRCode Monkey,qrcode-monkey-57,https://qrcode-monkey.com,https://icon.horse/icon/qrcode-monkey.com,Free QR code generator with designs,Free QR code generator with designs,[],"[""cat-ai-qr-code-generator""]",Free,true,"[""Web""]","[""English""]",[],[],[],[],53,false,false,approved,URL verified working via HTTP check,catalog
t-f3d806be580a,Beaconstac,beaconstac-8033,https://beaconstac.com,https://icon.horse/icon/beaconstac.com,AI QR codes with analytics,AI QR codes with analytics,[],"[""cat-ai-qr-code-generator""]",Free,true,"[""Web""]","[""English""]",[],[],[],[],70,false,false,approved,URL verified working via HTTP check,catalog
t-0fca1d285f8d,Reedsy,reedsy-6938,https://reedsy.com,https://icon.horse/icon/reedsy.com,AI book editing and publishing platform,AI book editing and publishing platform,[],"[""cat-ai-book-writing""]",Free,true,"[""Web""]","[""English""]",[],[],[],[],72,false,false,approved,URL verified working via HTTP check,catalog
t-a4e4866d9287,FaceApp,faceapp-7493,https://faceapp.com,https://icon.horse/icon/faceapp.com,AI photo editor with hairstyle and aging effects,AI photo editor with hairstyle and aging effects,[],"[""cat-ai-hairstyle""]",Free,true,"[""Web""]","[""English""]",[],[],[],[],81,false,false,approved,URL verified working via HTTP check,catalog
t-a2f1e5bf6292,Planta,planta-3683,https://getplanta.com,https://icon.horse/icon/getplanta.com,AI plant care with identification and schedules,AI plant care with identification and schedules,[],"[""cat-ai-education""]",Free,true,"[""Web""]","[""English""]",[],[],[],[],85,false,false,approved,URL verified working via HTTP check,catalog
t-7eea40a1d1d8,Substack,substack-4785,https://substack.com,https://icon.horse/icon/substack.com,AI newsletter and writing platform for creators,AI newsletter and writing platform for creators,[],"[""cat-ai-newsletter-generator""]",Free,true,"[""Web""]","[""English""]",[],[],[],[],81,false,false,approved,URL verified working via HTTP check,catalog
t-a92ae869aecb,Datadog,datadog-7008,https://datadoghq.com,https://icon.horse/icon/datadoghq.com,AI monitoring and analytics for cloud apps,AI monitoring and analytics for cloud apps,[],"[""cat-ai-monitor""]",Free,true,"[""Web""]","[""English""]",[],[],[],[],79,false,false,approved,URL verified working via HTTP check,catalog
t-ebc3d8464681,PagerDuty AIOps,pagerduty-aiops-3223,https://pagerduty.com,https://icon.horse/icon/pagerduty.com,AI incident management reducing alert noise,AI incident management reducing alert noise,[],"[""cat-ai-monitor""]",Free,true,"[""Web""]","[""English""]",[],[],[],[],76,false,false,approved,URL verified working via HTTP check,catalog
t-4fc9e7258f00,Figure AI,figure-ai-7705,https://figure.ai,https://icon.horse/icon/figure.ai,AI humanoid robot development company,AI humanoid robot development company,[],"[""cat-ai-robot""]",Free,true,"[""Web""]","[""English""]",[],[],[],[],89,false,false,approved,URL verified working via HTTP check,catalog
t-29ba47e01e9d,Boston Dynamics,boston-dynamics-8842,https://bostondynamics.com,https://icon.horse/icon/bostondynamics.com,AI-powered advanced robotics company,AI-powered advanced robotics company,[],"[""cat-ai-robot""]",Free,true,"[""Web""]","[""English""]",[],[],[],[],63,false,false,approved,URL verified working via HTTP check,catalog
t-c121b6bcf2a9,Blue Yonder,blue-yonder-6934,https://blueyonder.com,https://icon.horse/icon/blueyonder.com,AI supply chain optimization,AI supply chain optimization,[],"[""cat-ai-automation""]",Free,true,"[""Web""]","[""English""]",[],[],[],[],86,false,false,approved,URL verified working via HTTP check,catalog
t-475f8beae454,Arkham,arkham-410,https://arkham.io,https://icon.horse/icon/arkham.io,AI blockchain transaction de-anonymization,AI blockchain transaction de-anonymization,[],"[""cat-ai-crypto""]",Free,true,"[""Web""]","[""English""]",[],[],[],[],48,false,false,approved,URL verified working via HTTP check,catalog
t-b0308399b9db,ContentStudio,contentstudio-2627,https://contentstudio.io,https://icon.horse/icon/contentstudio.io,AI content discovery and social management,AI content discovery and social management,[],"[""cat-ai-social-media""]",Free,true,"[""Web""]","[""English""]",[],[],[],[],11,false,false,approved,URL verified working via HTTP check,catalog
t-5b518dd5749f,PlantUML,plantuml-1661,https://plantuml.com,https://icon.horse/icon/plantuml.com,Open-source UML diagrams from text,Open-source UML diagrams from text,[],"[""cat-ai-diagram-generator""]",Free,true,"[""Web""]","[""English""]",[],[],[],[],55,false,false,approved,URL verified working via HTTP check,catalog
t-d05d0df2e2a5,EdrawMind,edrawmind-8955,https://edrawmind.com,https://icon.horse/icon/edrawmind.com,AI mind mapping for brainstorming,AI mind mapping for brainstorming,[],"[""cat-ai-mind-mapping""]",Free,true,"[""Web""]","[""English""]",[],[],[],[],34,false,false,approved,URL verified working via HTTP check,catalog
t-0902ca6525a7,WhatTheFont,whatthefont-949,https://myfonts.com/pages/whatthefont,https://icon.horse/icon/myfonts.com,AI font identification from images,AI font identification from images,[],"[""cat-ai-font-generator""]",Free,true,"[""Web""]","[""English""]",[],[],[],[],35,false,false,approved,URL verified working via HTTP check,catalog
t-74ddb6f45bb1,Font Pair,font-pair-706,https://fontpair.co,https://icon.horse/icon/fontpair.co,AI font pairing suggestions,AI font pairing suggestions,[],"[""cat-ai-font-generator""]",Free,true,"[""Web""]","[""English""]",[],[],[],[],53,false,false,approved,URL verified working via HTTP check,catalog
t-be0a5786d401,Doodle AI,doodle-ai-7953,https://doodle.com,https://icon.horse/icon/doodle.com,AI scheduling for group meetings,AI scheduling for group meetings,[],"[""cat-ai-scheduling""]",Free,true,"[""Web""]","[""English""]",[],[],[],[],16,false,false,approved,URL verified working via HTTP check,catalog
t-104940f1eb76,Sleep Cycle,sleep-cycle-3199,https://sleepcycle.com,https://icon.horse/icon/sleepcycle.com,AI sleep tracker analyzing patterns,AI sleep tracker analyzing patterns,[],"[""cat-ai-life""]",Free,true,"[""Web""]","[""English""]",[],[],[],[],61,false,false,approved,URL verified working via HTTP check,catalog
t-0cf6f7a89993,The Yes,the-yes-4927,https://theyes.com,https://icon.horse/icon/theyes.com,AI fashion shopping with style recommendations,AI fashion shopping with style recommendations,[],"[""cat-ai-shopping-assistant""]",Free,true,"[""Web""]","[""English""]",[],[],[],[],20,false,false,approved,URL verified working via HTTP check,catalog
t-4a801bfa5e73,Circle,circle-4309,https://circle.so,https://icon.horse/icon/circle.so,AI community with engagement analytics,AI community with engagement analytics,[],"[""cat-ai-community""]",Free,true,"[""Web""]","[""English""]",[],[],[],[],31,false,false,approved,URL verified working via HTTP check,catalog
t-6e0d6cd44dc3,Omnisend,omnisend-1273,https://omnisend.com,https://icon.horse/icon/omnisend.com,AI email marketing for e-commerce,AI email marketing for e-commerce,[],"[""cat-ai-email-marketing""]",Free,true,"[""Web""]","[""English""]",[],[],[],[],48,false,false,approved,URL verified working via HTTP check,catalog
t-ced0fdcb5c23,Explain Paper,explain-paper-9384,https://explainpaper.com,https://icon.horse/icon/explainpaper.com,AI explaining papers in plain language,AI explaining papers in plain language,[],"[""cat-ai-research-tool""]",Free,true,"[""Web""]","[""English""]",[],[],[],[],16,false,false,approved,URL verified working via HTTP check,catalog
t-3f319c1ef9ef,Skim,skim-1987,https://skimming.ai,https://icon.horse/icon/skimming.ai,AI document reader and summarizer,AI document reader and summarizer,[],"[""cat-ai-pdf-summarizer""]",Free,true,"[""Web""]","[""English""]",[],[],[],[],31,false,false,approved,URL verified working via HTTP check,catalog
t-a28b41a83e04,Restb.ai,restbai-5960,https://restb.ai,https://icon.horse/icon/restb.ai,AI real estate image analysis,AI real estate image analysis,[],"[""cat-ai-real-estate""]",Free,true,"[""Web""]","[""English""]",[],[],[],[],73,false,false,approved,URL verified working via HTTP check,catalog
t-f736a2c19e04,HouseCanary,housecanary-4660,https://housecanary.com,https://icon.horse/icon/housecanary.com,AI real estate analytics and forecasts,AI real estate analytics and forecasts,[],"[""cat-ai-real-estate""]",Free,true,"[""Web""]","[""English""]",[],[],[],[],57,false,false,approved,URL verified working via HTTP check,catalog
t-8b37e90615fc,Homestyler,homestyler-567,https://homestyler.com,https://icon.horse/icon/homestyler.com,AI 3D home design tool,AI 3D home design tool,[],"[""cat-ai-interior-design""]",Free,true,"[""Web""]","[""English""]",[],[],[],[],10,false,false,approved,URL verified working via HTTP check,catalog
t-3f26d112af6f,YesPlz AI,yesplz-ai-9427,https://yesplz.ai,https://icon.horse/icon/yesplz.ai,AI fashion search for e-commerce,AI fashion search for e-commerce,[],"[""cat-fashion-ai""]",Free,true,"[""Web""]","[""English""]",[],[],[],[],81,false,false,approved,URL verified working via HTTP check,catalog
t-9c721528f58b,Plant Jammer,plant-jammer-8431,https://plantjammer.com,https://icon.horse/icon/plantjammer.com,AI recipe creator from ingredients,AI recipe creator from ingredients,[],"[""cat-ai-recipe""]",Free,true,"[""Web""]","[""English""]",[],[],[],[],58,false,false,approved,URL verified working via HTTP check,catalog
t-a21a0f271f0f,Tasty AI,tasty-ai-9446,https://tasty.co,https://icon.horse/icon/tasty.co,AI recipe discovery by BuzzFeed,AI recipe discovery by BuzzFeed,[],"[""cat-ai-recipe""]",Free,true,"[""Web""]","[""English""]",[],[],[],[],83,false,false,approved,URL verified working via HTTP check,catalog
t-1803ff8e8661,Guides.ai,guidesai-4807,https://guides.ai,https://icon.horse/icon/guides.ai,AI travel guide generator,AI travel guide generator,[],"[""cat-ai-travel""]",Free,true,"[""Web""]","[""English""]",[],[],[],[],46,false,false,approved,URL verified working via HTTP check,catalog
t-500f8b440ab5,Takeoff AI,takeoff-ai-326,https://takeoffai.com,https://icon.horse/icon/takeoffai.com,AI travel assistant for planning trips,AI travel assistant for planning trips,[],"[""cat-ai-travel""]",Free,true,"[""Web""]","[""English""]",[],[],[],[],28,false,false,approved,URL verified working via HTTP check,catalog
t-ba3cbae9b9d4,Sendsteps.ai,sendstepsai-4254,https://sendsteps.ai,https://icon.horse/icon/sendsteps.ai,AI interactive presentation tool,AI interactive presentation tool,[],"[""cat-ai-presentation""]",Free,true,"[""Web""]","[""English""]",[],[],[],[],71,false,false,approved,URL verified working via HTTP check,catalog
t-e081d55fd01e,Kindo,kindo-7363,https://kindo.ai,https://icon.horse/icon/kindo.ai,AI family entertainment stories and activities,AI family entertainment stories and activities,[],"[""cat-ai-entertainment""]",Free,true,"[""Web""]","[""English""]",[],[],[],[],64,false,false,approved,URL verified working via HTTP check,catalog
t-53220869d766,Promethean AI,promethean-ai-3215,https://prometheanai.com,https://icon.horse/icon/prometheanai.com,AI game dev 3D environment generation,AI game dev 3D environment generation,[],"[""cat-ai-game-generator""]",Free,true,"[""Web""]","[""English""]",[],[],[],[],50,false,false,approved,URL verified working via HTTP check,catalog
t-f28d1d09dd8b,Xero AI,xero-ai-5830,https://xero.com,https://icon.horse/icon/xero.com,Cloud accounting AI with automation,Cloud accounting AI with automation,[],"[""cat-ai-accounting""]",Free,true,"[""Web""]","[""English""]",[],[],[],[],69,false,false,approved,URL verified working via HTTP check,catalog
t-be5a0a491dc9,YouCam Makeup,youcam-makeup-4708,https://youcam.ai,https://icon.horse/icon/youcam.ai,AI beauty and hairstyle virtual try-on,AI beauty and hairstyle virtual try-on,[],"[""cat-ai-hairstyle""]",Free,true,"[""Web""]","[""English""]",[],[],[],[],11,false,false,approved,URL verified working via HTTP check,catalog
t-3bd7b4d304c2,DreamStudio,dreamstudio-1738,https://dreamstudio.ai,https://icon.horse/icon/dreamstudio.ai,Stability AI Stable Diffusion interface,Stability AI Stable Diffusion interface,[],"[""cat-text-to-image""]",Free,true,"[""Web""]","[""English""]",[],[],[],[],69,false,false,approved,URL verified working via HTTP check,catalog
t-062087dcd65b,Copilot AI,copilot-ai-2740,https://copilot.ai,https://icon.horse/icon/copilot.ai,AI writing assistant for marketing copy,AI writing assistant for marketing copy,[],"[""cat-ai-copywriting""]",Free,true,"[""Web""]","[""English""]",[],[],[],[],47,false,false,approved,URL verified working via HTTP check,catalog
t-73e3526aa1f1,Peppertype,peppertype-5650,https://peppertype.ai,https://icon.horse/icon/peppertype.ai,AI content creation for marketing teams,AI content creation for marketing teams,[],"[""cat-ai-writing""]",Free,true,"[""Web""]","[""English""]",[],[],[],[],22,false,false,approved,URL verified working via HTTP check,catalog
t-2ba9185d8548,Sassbook,sassbook-8300,https://sassbook.com,https://icon.horse/icon/sassbook.com,AI writing with style customization,AI writing with style customization,[],"[""cat-ai-writing""]",Free,true,"[""Web""]","[""English""]",[],[],[],[],17,false,false,approved,URL verified working via HTTP check,catalog
t-69d626ff65f7,Textblaze,textblaze-8387,https://blaze.today,https://icon.horse/icon/blaze.today,AI text expansion and templates,AI text expansion and templates,[],"[""cat-ai-writing""]",Free,true,"[""Web""]","[""English""]",[],[],[],[],47,false,false,approved,URL verified working via HTTP check,catalog
t-7bb7da1e4416,GrowthBar,growthbar-3117,https://growthbarseo.com,https://icon.horse/icon/growthbarseo.com,AI SEO tool for content optimization,AI SEO tool for content optimization,[],"[""cat-ai-seo""]",Free,true,"[""Web""]","[""English""]",[],[],[],[],26,false,false,approved,URL verified working via HTTP check,catalog
t-c176c862682e,Clearscope,clearscope-1635,https://clearscope.io,https://icon.horse/icon/clearscope.io,AI content optimization for search ranking,AI content optimization for search ranking,[],"[""cat-ai-seo""]",Free,true,"[""Web""]","[""English""]",[],[],[],[],85,false,false,approved,URL verified working via HTTP check,catalog
t-772d67d9c26c,Dashword,dashword-762,https://dashword.com,https://icon.horse/icon/dashword.com,AI content brief generator for writers,AI content brief generator for writers,[],"[""cat-ai-seo""]",Free,true,"[""Web""]","[""English""]",[],[],[],[],19,false,false,approved,URL verified working via HTTP check,catalog
t-e7300b5e98a1,ScreenshotOne,screenshotone-1553,https://screenshotone.com,https://icon.horse/icon/screenshotone.com,AI website screenshot API service,AI website screenshot API service,[],"[""cat-ai-api""]",Free,true,"[""Web""]","[""English""]",[],[],[],[],43,false,false,approved,URL verified working via HTTP check,catalog
t-5f388bbbe775,RescueTime,rescuetime-1653,https://rescuetime.com,https://icon.horse/icon/rescuetime.com,AI time tracking and productivity analysis,AI time tracking and productivity analysis,[],"[""cat-ai-productivity-tools""]",Free,true,"[""Web""]","[""English""]",[],[],[],[],25,false,false,approved,URL verified working via HTTP check,catalog
t-d1a9be2bb273,Toggl Track,toggl-track-6304,https://toggl.com/track,https://icon.horse/icon/toggl.com,AI time tracking with project insights,AI time tracking with project insights,[],"[""cat-ai-productivity-tools""]",Free,true,"[""Web""]","[""English""]",[],[],[],[],40,false,false,approved,URL verified working via HTTP check,catalog
t-0b4362ef8291,Harvest,harvest-1012,https://harvest.com,https://icon.horse/icon/harvest.com,AI time tracking and invoicing,AI time tracking and invoicing,[],"[""cat-ai-productivity-tools""]",Free,true,"[""Web""]","[""English""]",[],[],[],[],38,false,false,approved,URL verified working via HTTP check,catalog
t-3d7d25778e58,Teamwork,teamwork-1276,https://teamwork.com,https://icon.horse/icon/teamwork.com,AI project management with team collaboration,AI project management with team collaboration,[],"[""cat-ai-project-management""]",Free,true,"[""Web""]","[""English""]",[],[],[],[],24,false,false,approved,URL verified working via HTTP check,catalog
t-aee18f23560a,Basecamp,basecamp-1124,https://basecamp.com,https://icon.horse/icon/basecamp.com,AI project management simplifying team communication,AI project management simplifying team communication,[],"[""cat-ai-project-management""]",Free,true,"[""Web""]","[""English""]",[],[],[],[],55,false,false,approved,URL verified working via HTTP check,catalog
t-3be6a0e72f65,TeamGantt,teamgantt-4901,https://teamgantt.com,https://icon.horse/icon/teamgantt.com,AI Gantt chart planning and scheduling,AI Gantt chart planning and scheduling,[],"[""cat-ai-project-management""]",Free,true,"[""Web""]","[""English""]",[],[],[],[],43,false,false,approved,URL verified working via HTTP check,catalog
t-2230550e011e,Backlog,backlog-4598,https://backlog.com,https://icon.horse/icon/backlog.com,AI project management for software teams,AI project management for software teams,[],"[""cat-ai-project-management""]",Free,true,"[""Web""]","[""English""]",[],[],[],[],84,false,false,approved,URL verified working via HTTP check,catalog
t-90b40a9ab2ab,Smartsheet,smartsheet-5244,https://smartsheet.com,https://icon.horse/icon/smartsheet.com,AI work management with automation,AI work management with automation,[],"[""cat-ai-project-management""]",Free,true,"[""Web""]","[""English""]",[],[],[],[],12,false,false,approved,URL verified working via HTTP check,catalog
t-f57d90207cc5,Obsidian,obsidian-8872,https://obsidian.md,https://icon.horse/icon/obsidian.md,AI note-taking with knowledge graphs,AI note-taking with knowledge graphs,[],"[""cat-ai-note-taker""]",Free,true,"[""Web""]","[""English""]",[],[],[],[],50,false,false,approved,URL verified working via HTTP check,catalog
t-d8dbec4b2069,Roam Research,roam-research-8967,https://roamresearch.com,https://icon.horse/icon/roamresearch.com,AI note-taking with bidirectional linking,AI note-taking with bidirectional linking,[],"[""cat-ai-note-taker""]",Free,true,"[""Web""]","[""English""]",[],[],[],[],29,false,false,approved,URL verified working via HTTP check,catalog
t-bcb872c75d38,Logseq,logseq-9233,https://logseq.com,https://icon.horse/icon/logseq.com,AI open-source knowledge management,AI open-source knowledge management,[],"[""cat-ai-knowledge-base""]",Free,true,"[""Web""]","[""English""]",[],[],[],[],89,false,false,approved,URL verified working via HTTP check,catalog
t-711e80dd52b3,Confluence AI,confluence-ai-2604,https://atlassian.com/software/confluence,https://icon.horse/icon/atlassian.com,AI team documentation and knowledge base,AI team documentation and knowledge base,[],"[""cat-ai-knowledge-base""]",Free,true,"[""Web""]","[""English""]",[],[],[],[],25,false,false,approved,URL verified working via HTTP check,catalog
t-4060f4db7c8a,Bloomfire,bloomfire-4508,https://bloomfire.com,https://icon.horse/icon/bloomfire.com,AI knowledge management with AI search,AI knowledge management with AI search,[],"[""cat-ai-knowledge-management""]",Free,true,"[""Web""]","[""English""]",[],[],[],[],70,false,false,approved,URL verified working via HTTP check,catalog
t-6845aed6eb09,Loom AI,loom-ai-9538,https://loom.com,https://icon.horse/icon/loom.com,AI video recording with auto-features for async communication,AI video recording with auto-features for async communication,[],"[""cat-ai-recording""]",Free,true,"[""Web""]","[""English""]",[],[],[],[],58,false,false,approved,URL verified working via HTTP check,catalog
t-89278bd7288e,Wistia,wistia-5288,https://wistia.com,https://icon.horse/icon/wistia.com,AI video hosting with analytics and marketing tools,AI video hosting with analytics and marketing tools,[],"[""cat-ai-video-editor""]",Free,true,"[""Web""]","[""English""]",[],[],[],[],61,false,false,approved,URL verified working via HTTP check,catalog
t-980b29a4cea0,SproutVideo,sproutvideo-7650,https://sproutvideo.com,https://icon.horse/icon/sproutvideo.com,AI video hosting with analytics and customization,AI video hosting with analytics and customization,[],"[""cat-ai-video-editor""]",Free,true,"[""Web""]","[""English""]",[],[],[],[],80,false,false,approved,URL verified working via HTTP check,catalog
t-c9a71bbdcfd5,Kaltura,kaltura-6402,https://kaltura.com,https://icon.horse/icon/kaltura.com,AI video platform for enterprise and education,AI video platform for enterprise and education,[],"[""cat-ai-video-editor""]",Free,true,"[""Web""]","[""English""]",[],[],[],[],50,false,false,approved,URL verified working via HTTP check,catalog
t-c7ac2e2241f0,Vimeo,vimeo-6059,https://vimeo.com,https://icon.horse/icon/vimeo.com,AI video hosting with creative tools and analytics,AI video hosting with creative tools and analytics,[],"[""cat-ai-video-editor""]",Free,true,"[""Web""]","[""English""]",[],[],[],[],87,false,false,approved,URL verified working via HTTP check,catalog
